onet_soc_code,title,avg_skill_importance,skill_count
17-2031.00,Bioengineers and Biomedical Engineers,3.204,35
11-1011.00,Chief Executives,3.1885714285714286,35
49-3011.00,Aircraft Mechanics and Service Technicians,3.1394285714285712,35
29-1021.00,"Dentists, General",3.1005714285714285,35
17-3024.01,Robotics Technicians,3.1,35
11-9111.00,Medical and Health Services Managers,3.0891428571428574,35
19-1029.02,Molecular and Cellular Biologists,3.0782857142857143,35
19-2012.00,Physicists,3.0565714285714285,35
27-2022.00,Coaches and Scouts,3.036,35
35-1011.00,Chefs and Head Cooks,3.01,35
