element_name,avg_knowledge_importance,occupation_count
English Language,3.6755257270693513,894
Customer and Personal Service,3.428456375838926,894
Mathematics,3.0731319910514543,894
Education and Training,3.0402908277404923,894
Computers and Electronics,3.030536912751678,894
Administration and Management,3.0251677852348995,894
Public Safety and Security,2.7545190156599553,894
Administrative,2.7209619686800894,894
Production and Processing,2.4734451901565997,894
Law and Government,2.4603131991051455,894
